index,ori_filename,adv_filename,ori_recorded_label,adv_recorded_label,ori_fresh_pred,adv_fresh_pred,ori_matches_recorded,adversarial_accuracy,still_fooled_on_reload
0,ori_0_IMAGENET_3599_resnet50.png,adv_0_IMAGENET_3599_resnet50.png,487,761,487,487,True,False,False
1,ori_1_IMAGENET_3599_resnet50.png,adv_1_IMAGENET_3599_resnet50.png,646,506,646,646,True,False,False
2,ori_2_IMAGENET_3599_resnet50.png,adv_2_IMAGENET_3599_resnet50.png,851,886,851,851,True,False,False
3,ori_3_IMAGENET_3599_resnet50.png,adv_3_IMAGENET_3599_resnet50.png,771,549,771,549,True,True,True
4,ori_4_IMAGENET_3599_resnet50.png,adv_4_IMAGENET_3599_resnet50.png,590,800,590,590,True,False,False
5,ori_5_IMAGENET_3599_resnet50.png,adv_5_IMAGENET_3599_resnet50.png,763,740,763,763,True,False,False
6,ori_6_IMAGENET_3599_resnet50.png,adv_6_IMAGENET_3599_resnet50.png,646,912,646,912,True,True,True
7,ori_7_IMAGENET_3599_resnet50.png,adv_7_IMAGENET_3599_resnet50.png,666,659,666,666,True,False,False
8,ori_8_IMAGENET_3599_resnet50.png,adv_8_IMAGENET_3599_resnet50.png,867,864,867,867,True,False,False
9,ori_9_IMAGENET_3599_resnet50.png,adv_9_IMAGENET_3599_resnet50.png,771,707,771,707,True,True,True
10,ori_10_IMAGENET_3599_resnet50.png,adv_10_IMAGENET_3599_resnet50.png,819,546,819,819,True,False,False
11,ori_11_IMAGENET_3599_resnet50.png,adv_11_IMAGENET_3599_resnet50.png,862,650,862,650,True,True,True
12,ori_12_IMAGENET_3599_resnet50.png,adv_12_IMAGENET_3599_resnet50.png,487,761,487,487,True,False,False
13,ori_13_IMAGENET_3599_resnet50.png,adv_13_IMAGENET_3599_resnet50.png,507,695,507,695,True,True,True
14,ori_14_IMAGENET_3599_resnet50.png,adv_14_IMAGENET_3599_resnet50.png,413,652,413,652,True,True,True
15,ori_15_IMAGENET_3599_resnet50.png,adv_15_IMAGENET_3599_resnet50.png,821,442,821,442,True,True,True
16,ori_16_IMAGENET_3599_resnet50.png,adv_16_IMAGENET_3599_resnet50.png,761,941,761,761,True,False,False
17,ori_17_IMAGENET_3599_resnet50.png,adv_17_IMAGENET_3599_resnet50.png,403,879,403,403,True,False,False
18,ori_18_IMAGENET_3599_resnet50.png,adv_18_IMAGENET_3599_resnet50.png,826,531,826,826,True,False,False
19,ori_19_IMAGENET_3599_resnet50.png,adv_19_IMAGENET_3599_resnet50.png,718,498,718,498,True,True,True
20,ori_20_IMAGENET_3599_resnet50.png,adv_20_IMAGENET_3599_resnet50.png,465,732,465,732,True,True,True
21,ori_21_IMAGENET_3599_resnet50.png,adv_21_IMAGENET_3599_resnet50.png,744,657,744,744,True,False,False
22,ori_22_IMAGENET_3599_resnet50.png,adv_22_IMAGENET_3599_resnet50.png,471,856,471,856,True,True,True
23,ori_23_IMAGENET_3599_resnet50.png,adv_23_IMAGENET_3599_resnet50.png,510,843,510,843,True,True,True
24,ori_24_IMAGENET_3599_resnet50.png,adv_24_IMAGENET_3599_resnet50.png,734,569,734,569,True,True,True
25,ori_25_IMAGENET_3599_resnet50.png,adv_25_IMAGENET_3599_resnet50.png,414,971,414,971,True,True,True
26,ori_26_IMAGENET_3599_resnet50.png,adv_26_IMAGENET_3599_resnet50.png,657,744,657,657,True,False,False
27,ori_27_IMAGENET_3599_resnet50.png,adv_27_IMAGENET_3599_resnet50.png,889,645,889,889,True,False,False
28,ori_28_IMAGENET_3599_resnet50.png,adv_28_IMAGENET_3599_resnet50.png,758,473,758,473,True,True,True
29,ori_29_IMAGENET_3599_resnet50.png,adv_29_IMAGENET_3599_resnet50.png,888,971,888,888,True,False,False
30,ori_30_IMAGENET_3599_resnet50.png,adv_30_IMAGENET_3599_resnet50.png,540,832,540,832,True,True,True
31,ori_31_IMAGENET_3599_resnet50.png,adv_31_IMAGENET_3599_resnet50.png,801,973,801,973,True,True,True
32,ori_32_IMAGENET_3599_resnet50.png,adv_32_IMAGENET_3599_resnet50.png,744,657,744,657,True,True,True
33,ori_33_IMAGENET_3599_resnet50.png,adv_33_IMAGENET_3599_resnet50.png,926,521,926,926,True,False,False
34,ori_34_IMAGENET_3599_resnet50.png,adv_34_IMAGENET_3599_resnet50.png,830,865,830,830,True,False,False
35,ori_35_IMAGENET_3599_resnet50.png,adv_35_IMAGENET_3599_resnet50.png,820,603,820,820,True,False,False
36,ori_36_IMAGENET_3599_resnet50.png,adv_36_IMAGENET_3599_resnet50.png,485,541,485,485,True,False,False
37,ori_37_IMAGENET_3599_resnet50.png,adv_37_IMAGENET_3599_resnet50.png,812,540,812,812,True,False,False
38,ori_38_IMAGENET_3599_resnet50.png,adv_38_IMAGENET_3599_resnet50.png,600,517,600,600,True,False,False
39,ori_39_IMAGENET_3599_resnet50.png,adv_39_IMAGENET_3599_resnet50.png,845,720,845,845,True,False,False
40,ori_40_IMAGENET_3599_resnet50.png,adv_40_IMAGENET_3599_resnet50.png,833,758,833,833,True,False,False
41,ori_41_IMAGENET_3599_resnet50.png,adv_41_IMAGENET_3599_resnet50.png,471,856,471,471,True,False,False
42,ori_42_IMAGENET_3599_resnet50.png,adv_42_IMAGENET_3599_resnet50.png,657,744,657,744,True,True,True
43,ori_43_IMAGENET_3599_resnet50.png,adv_43_IMAGENET_3599_resnet50.png,833,510,833,510,True,True,True
44,ori_44_IMAGENET_3599_resnet50.png,adv_44_IMAGENET_3599_resnet50.png,404,865,404,404,True,False,False
45,ori_45_IMAGENET_3599_resnet50.png,adv_45_IMAGENET_3599_resnet50.png,600,611,600,600,True,False,False
46,ori_46_IMAGENET_3599_resnet50.png,adv_46_IMAGENET_3599_resnet50.png,803,920,803,920,True,True,True
47,ori_47_IMAGENET_3599_resnet50.png,adv_47_IMAGENET_3599_resnet50.png,536,694,536,694,True,True,True
48,ori_48_IMAGENET_3599_resnet50.png,adv_48_IMAGENET_3599_resnet50.png,473,600,473,473,True,False,False
49,ori_49_IMAGENET_3599_resnet50.png,adv_49_IMAGENET_3599_resnet50.png,657,812,657,812,True,True,True
50,ori_50_IMAGENET_3599_resnet50.png,adv_50_IMAGENET_3599_resnet50.png,886,454,886,454,True,True,True
51,ori_51_IMAGENET_3599_resnet50.png,adv_51_IMAGENET_3599_resnet50.png,521,828,521,521,True,False,False
52,ori_52_IMAGENET_3599_resnet50.png,adv_52_IMAGENET_3599_resnet50.png,461,524,461,524,True,True,True
53,ori_53_IMAGENET_3599_resnet50.png,adv_53_IMAGENET_3599_resnet50.png,732,569,732,569,True,True,True
54,ori_54_IMAGENET_3599_resnet50.png,adv_54_IMAGENET_3599_resnet50.png,867,864,867,864,True,True,True
55,ori_55_IMAGENET_3599_resnet50.png,adv_55_IMAGENET_3599_resnet50.png,413,764,413,764,True,True,True
56,ori_56_IMAGENET_3599_resnet50.png,adv_56_IMAGENET_3599_resnet50.png,524,461,524,461,True,True,True
57,ori_57_IMAGENET_3599_resnet50.png,adv_57_IMAGENET_3599_resnet50.png,590,754,590,754,True,True,True
58,ori_58_IMAGENET_3599_resnet50.png,adv_58_IMAGENET_3599_resnet50.png,581,971,581,971,True,True,True
59,ori_59_IMAGENET_3599_resnet50.png,adv_59_IMAGENET_3599_resnet50.png,628,832,628,832,True,True,True
60,ori_60_IMAGENET_3599_resnet50.png,adv_60_IMAGENET_3599_resnet50.png,902,764,902,902,True,False,False
61,ori_61_IMAGENET_3599_resnet50.png,adv_61_IMAGENET_3599_resnet50.png,764,413,764,413,True,True,True
62,ori_62_IMAGENET_3599_resnet50.png,adv_62_IMAGENET_3599_resnet50.png,447,978,447,447,True,False,False
63,ori_63_IMAGENET_3599_resnet50.png,adv_63_IMAGENET_3599_resnet50.png,888,821,888,821,True,True,True
64,ori_64_IMAGENET_3599_resnet50.png,adv_64_IMAGENET_3599_resnet50.png,780,871,780,780,True,False,False
65,ori_65_IMAGENET_3599_resnet50.png,adv_65_IMAGENET_3599_resnet50.png,847,586,847,847,True,False,False
66,ori_66_IMAGENET_3599_resnet50.png,adv_66_IMAGENET_3599_resnet50.png,633,721,633,721,True,True,True
67,ori_67_IMAGENET_3599_resnet50.png,adv_67_IMAGENET_3599_resnet50.png,862,645,862,862,True,False,False
68,ori_68_IMAGENET_3599_resnet50.png,adv_68_IMAGENET_3599_resnet50.png,688,800,688,688,True,False,False
69,ori_69_IMAGENET_3599_resnet50.png,adv_69_IMAGENET_3599_resnet50.png,615,465,615,465,True,True,True
70,ori_70_IMAGENET_3599_resnet50.png,adv_70_IMAGENET_3599_resnet50.png,489,950,489,489,True,False,False
71,ori_71_IMAGENET_3599_resnet50.png,adv_71_IMAGENET_3599_resnet50.png,628,832,628,832,True,True,True
72,ori_72_IMAGENET_3599_resnet50.png,adv_72_IMAGENET_3599_resnet50.png,587,696,587,587,True,False,False
73,ori_73_IMAGENET_3599_resnet50.png,adv_73_IMAGENET_3599_resnet50.png,724,780,724,724,True,False,False
74,ori_74_IMAGENET_3599_resnet50.png,adv_74_IMAGENET_3599_resnet50.png,734,468,734,468,True,True,True
75,ori_75_IMAGENET_3599_resnet50.png,adv_75_IMAGENET_3599_resnet50.png,764,877,764,764,True,False,False
76,ori_76_IMAGENET_3599_resnet50.png,adv_76_IMAGENET_3599_resnet50.png,771,800,771,771,True,False,False
77,ori_77_IMAGENET_3599_resnet50.png,adv_77_IMAGENET_3599_resnet50.png,787,577,787,787,True,False,False
78,ori_78_IMAGENET_3599_resnet50.png,adv_78_IMAGENET_3599_resnet50.png,724,611,724,611,True,True,True
79,ori_79_IMAGENET_3599_resnet50.png,adv_79_IMAGENET_3599_resnet50.png,830,701,830,830,True,False,False
80,ori_80_IMAGENET_3599_resnet50.png,adv_80_IMAGENET_3599_resnet50.png,830,624,830,830,True,False,False
81,ori_81_IMAGENET_3599_resnet50.png,adv_81_IMAGENET_3599_resnet50.png,646,971,646,646,True,False,False
82,ori_82_IMAGENET_3599_resnet50.png,adv_82_IMAGENET_3599_resnet50.png,635,577,635,635,True,False,False
83,ori_83_IMAGENET_3599_resnet50.png,adv_83_IMAGENET_3599_resnet50.png,830,509,830,830,True,False,False
84,ori_84_IMAGENET_3599_resnet50.png,adv_84_IMAGENET_3599_resnet50.png,732,897,732,732,True,False,False
85,ori_85_IMAGENET_3599_resnet50.png,adv_85_IMAGENET_3599_resnet50.png,523,971,523,971,True,True,True
86,ori_86_IMAGENET_3599_resnet50.png,adv_86_IMAGENET_3599_resnet50.png,764,623,764,623,True,True,True
87,ori_87_IMAGENET_3599_resnet50.png,adv_87_IMAGENET_3599_resnet50.png,732,0,732,644,True,False,True
88,ori_88_IMAGENET_3599_resnet50.png,adv_88_IMAGENET_3599_resnet50.png,820,536,820,820,True,False,False
89,ori_89_IMAGENET_3599_resnet50.png,adv_89_IMAGENET_3599_resnet50.png,510,839,510,510,True,False,False
90,ori_90_IMAGENET_3599_resnet50.png,adv_90_IMAGENET_3599_resnet50.png,485,571,485,485,True,False,False
91,ori_91_IMAGENET_3599_resnet50.png,adv_91_IMAGENET_3599_resnet50.png,404,701,404,701,True,True,True
92,ori_92_IMAGENET_3599_resnet50.png,adv_92_IMAGENET_3599_resnet50.png,797,831,797,831,True,True,True
93,ori_93_IMAGENET_3599_resnet50.png,adv_93_IMAGENET_3599_resnet50.png,471,653,471,653,True,True,True
94,ori_94_IMAGENET_3599_resnet50.png,adv_94_IMAGENET_3599_resnet50.png,563,826,563,826,True,True,True
95,ori_95_IMAGENET_3599_resnet50.png,adv_95_IMAGENET_3599_resnet50.png,598,632,598,598,True,False,False
96,ori_96_IMAGENET_3599_resnet50.png,adv_96_IMAGENET_3599_resnet50.png,701,723,701,723,True,True,True
97,ori_97_IMAGENET_3599_resnet50.png,adv_97_IMAGENET_3599_resnet50.png,487,590,487,590,True,True,True
98,ori_98_IMAGENET_3599_resnet50.png,adv_98_IMAGENET_3599_resnet50.png,404,908,404,908,True,True,True
99,ori_99_IMAGENET_3599_resnet50.png,adv_99_IMAGENET_3599_resnet50.png,744,657,744,744,True,False,False
100,ori_100_IMAGENET_3599_resnet50.png,adv_100_IMAGENET_3599_resnet50.png,471,509,471,471,True,False,False
101,ori_101_IMAGENET_3599_resnet50.png,adv_101_IMAGENET_3599_resnet50.png,821,718,821,718,True,True,True
102,ori_102_IMAGENET_3599_resnet50.png,adv_102_IMAGENET_3599_resnet50.png,888,440,888,888,True,False,False
103,ori_103_IMAGENET_3599_resnet50.png,adv_103_IMAGENET_3599_resnet50.png,763,764,763,763,True,False,False
104,ori_104_IMAGENET_3599_resnet50.png,adv_104_IMAGENET_3599_resnet50.png,891,859,891,859,True,True,True
105,ori_105_IMAGENET_3599_resnet50.png,adv_105_IMAGENET_3599_resnet50.png,403,540,403,403,True,False,False
106,ori_106_IMAGENET_3599_resnet50.png,adv_106_IMAGENET_3599_resnet50.png,884,774,884,884,True,False,False
107,ori_107_IMAGENET_3599_resnet50.png,adv_107_IMAGENET_3599_resnet50.png,862,430,862,430,True,True,True
108,ori_108_IMAGENET_3599_resnet50.png,adv_108_IMAGENET_3599_resnet50.png,405,594,405,594,True,True,True
109,ori_109_IMAGENET_3599_resnet50.png,adv_109_IMAGENET_3599_resnet50.png,724,871,724,724,True,False,False
110,ori_110_IMAGENET_3599_resnet50.png,adv_110_IMAGENET_3599_resnet50.png,518,417,518,518,True,False,False
111,ori_111_IMAGENET_3599_resnet50.png,adv_111_IMAGENET_3599_resnet50.png,862,470,862,470,True,True,True
112,ori_112_IMAGENET_3599_resnet50.png,adv_112_IMAGENET_3599_resnet50.png,536,403,536,403,True,True,True
113,ori_113_IMAGENET_3599_resnet50.png,adv_113_IMAGENET_3599_resnet50.png,740,535,740,535,True,True,True
114,ori_114_IMAGENET_3599_resnet50.png,adv_114_IMAGENET_3599_resnet50.png,417,879,417,417,True,False,False
115,ori_115_IMAGENET_3599_resnet50.png,adv_115_IMAGENET_3599_resnet50.png,673,518,673,518,True,True,True
116,ori_116_IMAGENET_3599_resnet50.png,adv_116_IMAGENET_3599_resnet50.png,763,784,763,763,True,False,False
117,ori_117_IMAGENET_3599_resnet50.png,adv_117_IMAGENET_3599_resnet50.png,812,971,812,971,True,True,True
118,ori_118_IMAGENET_3599_resnet50.png,adv_118_IMAGENET_3599_resnet50.png,867,864,867,867,True,False,False
119,ori_119_IMAGENET_3599_resnet50.png,adv_119_IMAGENET_3599_resnet50.png,771,478,771,771,True,False,False
120,ori_120_IMAGENET_3599_resnet50.png,adv_120_IMAGENET_3599_resnet50.png,761,613,761,761,True,False,False
121,ori_121_IMAGENET_3599_resnet50.png,adv_121_IMAGENET_3599_resnet50.png,471,657,471,657,True,True,True
122,ori_122_IMAGENET_3599_resnet50.png,adv_122_IMAGENET_3599_resnet50.png,754,593,754,593,True,True,True
123,ori_123_IMAGENET_3599_resnet50.png,adv_123_IMAGENET_3599_resnet50.png,590,681,590,681,True,True,True
124,ori_124_IMAGENET_3599_resnet50.png,adv_124_IMAGENET_3599_resnet50.png,404,908,404,404,True,False,False
125,ori_125_IMAGENET_3599_resnet50.png,adv_125_IMAGENET_3599_resnet50.png,732,971,732,732,True,False,False
126,ori_126_IMAGENET_3599_resnet50.png,adv_126_IMAGENET_3599_resnet50.png,732,688,732,688,True,True,True
127,ori_127_IMAGENET_3599_resnet50.png,adv_127_IMAGENET_3599_resnet50.png,819,546,819,819,True,False,False
128,ori_128_IMAGENET_3599_resnet50.png,adv_128_IMAGENET_3599_resnet50.png,536,576,536,576,True,True,True
129,ori_129_IMAGENET_3599_resnet50.png,adv_129_IMAGENET_3599_resnet50.png,423,606,423,606,True,True,True
130,ori_130_IMAGENET_3599_resnet50.png,adv_130_IMAGENET_3599_resnet50.png,540,510,540,540,True,False,False
131,ori_131_IMAGENET_3599_resnet50.png,adv_131_IMAGENET_3599_resnet50.png,977,525,977,525,True,True,True
132,ori_132_IMAGENET_3599_resnet50.png,adv_132_IMAGENET_3599_resnet50.png,633,971,633,633,True,False,False
133,ori_133_IMAGENET_3599_resnet50.png,adv_133_IMAGENET_3599_resnet50.png,755,405,755,755,True,False,False
134,ori_134_IMAGENET_3599_resnet50.png,adv_134_IMAGENET_3599_resnet50.png,672,407,672,672,True,False,False
135,ori_135_IMAGENET_3599_resnet50.png,adv_135_IMAGENET_3599_resnet50.png,527,526,527,527,True,False,False
136,ori_136_IMAGENET_3599_resnet50.png,adv_136_IMAGENET_3599_resnet50.png,628,765,628,765,True,True,True
137,ori_137_IMAGENET_3599_resnet50.png,adv_137_IMAGENET_3599_resnet50.png,632,527,632,527,True,True,True
138,ori_138_IMAGENET_3599_resnet50.png,adv_138_IMAGENET_3599_resnet50.png,879,791,879,791,True,True,True
139,ori_139_IMAGENET_3599_resnet50.png,adv_139_IMAGENET_3599_resnet50.png,487,674,487,487,True,False,False
140,ori_140_IMAGENET_3599_resnet50.png,adv_140_IMAGENET_3599_resnet50.png,507,695,507,695,True,True,True
141,ori_141_IMAGENET_3599_resnet50.png,adv_141_IMAGENET_3599_resnet50.png,417,701,417,417,True,False,False
142,ori_142_IMAGENET_3599_resnet50.png,adv_142_IMAGENET_3599_resnet50.png,471,744,471,471,True,False,False
143,ori_143_IMAGENET_3599_resnet50.png,adv_143_IMAGENET_3599_resnet50.png,628,832,628,628,True,False,False
144,ori_144_IMAGENET_3599_resnet50.png,adv_144_IMAGENET_3599_resnet50.png,847,586,847,586,True,True,True
145,ori_145_IMAGENET_3599_resnet50.png,adv_145_IMAGENET_3599_resnet50.png,724,832,724,724,True,False,False
146,ori_146_IMAGENET_3599_resnet50.png,adv_146_IMAGENET_3599_resnet50.png,835,879,835,835,True,False,False
147,ori_147_IMAGENET_3599_resnet50.png,adv_147_IMAGENET_3599_resnet50.png,447,971,447,971,True,True,True
148,ori_148_IMAGENET_3599_resnet50.png,adv_148_IMAGENET_3599_resnet50.png,847,586,847,847,True,False,False
149,ori_149_IMAGENET_3599_resnet50.png,adv_149_IMAGENET_3599_resnet50.png,711,754,711,711,True,False,False
150,ori_150_IMAGENET_3599_resnet50.png,adv_150_IMAGENET_3599_resnet50.png,414,636,414,414,True,False,False
151,ori_151_IMAGENET_3599_resnet50.png,adv_151_IMAGENET_3599_resnet50.png,414,411,414,414,True,False,False
152,ori_152_IMAGENET_3599_resnet50.png,adv_152_IMAGENET_3599_resnet50.png,826,754,826,826,True,False,False
153,ori_153_IMAGENET_3599_resnet50.png,adv_153_IMAGENET_3599_resnet50.png,867,555,867,867,True,False,False
154,ori_154_IMAGENET_3599_resnet50.png,adv_154_IMAGENET_3599_resnet50.png,745,485,745,745,True,False,False
155,ori_155_IMAGENET_3599_resnet50.png,adv_155_IMAGENET_3599_resnet50.png,650,875,650,650,True,False,False
156,ori_156_IMAGENET_3599_resnet50.png,adv_156_IMAGENET_3599_resnet50.png,505,524,505,505,True,False,False
157,ori_157_IMAGENET_3599_resnet50.png,adv_157_IMAGENET_3599_resnet50.png,821,718,821,718,True,True,True
158,ori_158_IMAGENET_3599_resnet50.png,adv_158_IMAGENET_3599_resnet50.png,652,830,652,652,True,False,False
159,ori_159_IMAGENET_3599_resnet50.png,adv_159_IMAGENET_3599_resnet50.png,691,882,691,691,True,False,False
160,ori_160_IMAGENET_3599_resnet50.png,adv_160_IMAGENET_3599_resnet50.png,763,802,763,763,True,False,False
161,ori_161_IMAGENET_3599_resnet50.png,adv_161_IMAGENET_3599_resnet50.png,884,971,884,884,True,False,False
162,ori_162_IMAGENET_3599_resnet50.png,adv_162_IMAGENET_3599_resnet50.png,608,752,608,752,True,True,True
163,ori_163_IMAGENET_3599_resnet50.png,adv_163_IMAGENET_3599_resnet50.png,801,396,801,396,True,True,True
164,ori_164_IMAGENET_3599_resnet50.png,adv_164_IMAGENET_3599_resnet50.png,498,538,498,538,True,True,True
165,ori_165_IMAGENET_3599_resnet50.png,adv_165_IMAGENET_3599_resnet50.png,761,487,761,487,True,True,True
166,ori_166_IMAGENET_3599_resnet50.png,adv_166_IMAGENET_3599_resnet50.png,409,635,409,409,True,False,False
167,ori_167_IMAGENET_3599_resnet50.png,adv_167_IMAGENET_3599_resnet50.png,745,971,745,971,True,True,True
168,ori_168_IMAGENET_3599_resnet50.png,adv_168_IMAGENET_3599_resnet50.png,67,54,67,54,True,True,True
169,ori_169_IMAGENET_3599_resnet50.png,adv_169_IMAGENET_3599_resnet50.png,763,764,763,763,True,False,False
170,ori_170_IMAGENET_3599_resnet50.png,adv_170_IMAGENET_3599_resnet50.png,740,587,740,587,True,True,True
171,ori_171_IMAGENET_3599_resnet50.png,adv_171_IMAGENET_3599_resnet50.png,535,444,535,535,True,False,False
172,ori_172_IMAGENET_3599_resnet50.png,adv_172_IMAGENET_3599_resnet50.png,755,834,755,755,True,False,False
173,ori_173_IMAGENET_3599_resnet50.png,adv_173_IMAGENET_3599_resnet50.png,701,584,701,701,True,False,False
174,ori_174_IMAGENET_3599_resnet50.png,adv_174_IMAGENET_3599_resnet50.png,847,408,847,408,True,True,True
175,ori_175_IMAGENET_3599_resnet50.png,adv_175_IMAGENET_3599_resnet50.png,405,971,405,405,True,False,False
176,ori_176_IMAGENET_3599_resnet50.png,adv_176_IMAGENET_3599_resnet50.png,672,879,672,672,True,False,False
177,ori_177_IMAGENET_3599_resnet50.png,adv_177_IMAGENET_3599_resnet50.png,587,882,587,587,True,False,False
178,ori_178_IMAGENET_3599_resnet50.png,adv_178_IMAGENET_3599_resnet50.png,596,777,596,596,True,False,False
179,ori_179_IMAGENET_3599_resnet50.png,adv_179_IMAGENET_3599_resnet50.png,536,800,536,536,True,False,False
180,ori_180_IMAGENET_3599_resnet50.png,adv_180_IMAGENET_3599_resnet50.png,820,595,820,820,True,False,False
181,ori_181_IMAGENET_3599_resnet50.png,adv_181_IMAGENET_3599_resnet50.png,763,730,763,730,True,True,True
182,ori_182_IMAGENET_3599_resnet50.png,adv_182_IMAGENET_3599_resnet50.png,590,613,590,613,True,True,True
183,ori_183_IMAGENET_3599_resnet50.png,adv_183_IMAGENET_3599_resnet50.png,489,695,489,489,True,False,False
184,ori_184_IMAGENET_3599_resnet50.png,adv_184_IMAGENET_3599_resnet50.png,754,800,754,800,True,True,True
185,ori_185_IMAGENET_3599_resnet50.png,adv_185_IMAGENET_3599_resnet50.png,847,586,847,847,True,False,False
186,ori_186_IMAGENET_3599_resnet50.png,adv_186_IMAGENET_3599_resnet50.png,628,814,628,628,True,False,False
187,ori_187_IMAGENET_3599_resnet50.png,adv_187_IMAGENET_3599_resnet50.png,701,645,701,701,True,False,False
188,ori_188_IMAGENET_3599_resnet50.png,adv_188_IMAGENET_3599_resnet50.png,540,406,540,406,True,True,True
189,ori_189_IMAGENET_3599_resnet50.png,adv_189_IMAGENET_3599_resnet50.png,820,703,820,820,True,False,False
190,ori_190_IMAGENET_3599_resnet50.png,adv_190_IMAGENET_3599_resnet50.png,632,600,632,600,True,True,True
191,ori_191_IMAGENET_3599_resnet50.png,adv_191_IMAGENET_3599_resnet50.png,695,507,695,507,True,True,True
192,ori_192_IMAGENET_3599_resnet50.png,adv_192_IMAGENET_3599_resnet50.png,764,413,764,413,True,True,True
193,ori_193_IMAGENET_3599_resnet50.png,adv_193_IMAGENET_3599_resnet50.png,830,612,830,612,True,True,True
194,ori_194_IMAGENET_3599_resnet50.png,adv_194_IMAGENET_3599_resnet50.png,732,480,732,732,True,False,False
195,ori_195_IMAGENET_3599_resnet50.png,adv_195_IMAGENET_3599_resnet50.png,510,866,510,866,True,True,True
196,ori_196_IMAGENET_3599_resnet50.png,adv_196_IMAGENET_3599_resnet50.png,754,893,754,893,True,True,True
197,ori_197_IMAGENET_3599_resnet50.png,adv_197_IMAGENET_3599_resnet50.png,482,745,482,745,True,True,True
198,ori_198_IMAGENET_3599_resnet50.png,adv_198_IMAGENET_3599_resnet50.png,417,74,417,417,True,False,False
199,ori_199_IMAGENET_3599_resnet50.png,adv_199_IMAGENET_3599_resnet50.png,465,414,465,465,True,False,False
200,ori_200_IMAGENET_3599_resnet50.png,adv_200_IMAGENET_3599_resnet50.png,830,652,830,652,True,True,True
201,ori_201_IMAGENET_3599_resnet50.png,adv_201_IMAGENET_3599_resnet50.png,597,893,597,597,True,False,False
202,ori_202_IMAGENET_3599_resnet50.png,adv_202_IMAGENET_3599_resnet50.png,763,477,763,763,True,False,False
203,ori_203_IMAGENET_3599_resnet50.png,adv_203_IMAGENET_3599_resnet50.png,405,920,405,405,True,False,False
204,ori_204_IMAGENET_3599_resnet50.png,adv_204_IMAGENET_3599_resnet50.png,635,826,635,635,True,False,False
205,ori_205_IMAGENET_3599_resnet50.png,adv_205_IMAGENET_3599_resnet50.png,540,406,540,406,True,True,True
206,ori_206_IMAGENET_3599_resnet50.png,adv_206_IMAGENET_3599_resnet50.png,691,695,691,691,True,False,False
207,ori_207_IMAGENET_3599_resnet50.png,adv_207_IMAGENET_3599_resnet50.png,695,790,695,695,True,False,False
208,ori_208_IMAGENET_3599_resnet50.png,adv_208_IMAGENET_3599_resnet50.png,761,623,761,761,True,False,False
209,ori_209_IMAGENET_3599_resnet50.png,adv_209_IMAGENET_3599_resnet50.png,801,472,801,472,True,True,True
210,ori_210_IMAGENET_3599_resnet50.png,adv_210_IMAGENET_3599_resnet50.png,891,651,891,651,True,True,True
211,ori_211_IMAGENET_3599_resnet50.png,adv_211_IMAGENET_3599_resnet50.png,650,823,650,823,True,True,True
212,ori_212_IMAGENET_3599_resnet50.png,adv_212_IMAGENET_3599_resnet50.png,755,808,755,808,True,True,True
213,ori_213_IMAGENET_3599_resnet50.png,adv_213_IMAGENET_3599_resnet50.png,744,737,744,744,True,False,False
214,ori_214_IMAGENET_3599_resnet50.png,adv_214_IMAGENET_3599_resnet50.png,628,510,628,510,True,True,True
215,ori_215_IMAGENET_3599_resnet50.png,adv_215_IMAGENET_3599_resnet50.png,536,403,536,536,True,False,False
216,ori_216_IMAGENET_3599_resnet50.png,adv_216_IMAGENET_3599_resnet50.png,535,506,535,506,True,True,True
217,ori_217_IMAGENET_3599_resnet50.png,adv_217_IMAGENET_3599_resnet50.png,510,613,510,510,True,False,False
218,ori_218_IMAGENET_3599_resnet50.png,adv_218_IMAGENET_3599_resnet50.png,812,404,812,404,True,True,True
219,ori_219_IMAGENET_3599_resnet50.png,adv_219_IMAGENET_3599_resnet50.png,821,839,821,821,True,False,False
220,ori_220_IMAGENET_3599_resnet50.png,adv_220_IMAGENET_3599_resnet50.png,536,645,536,536,True,False,False
221,ori_221_IMAGENET_3599_resnet50.png,adv_221_IMAGENET_3599_resnet50.png,734,436,734,436,True,True,True
222,ori_222_IMAGENET_3599_resnet50.png,adv_222_IMAGENET_3599_resnet50.png,763,413,763,763,True,False,False
223,ori_223_IMAGENET_3599_resnet50.png,adv_223_IMAGENET_3599_resnet50.png,535,577,535,535,True,False,False
224,ori_224_IMAGENET_3599_resnet50.png,adv_224_IMAGENET_3599_resnet50.png,820,569,820,820,True,False,False
225,ori_225_IMAGENET_3599_resnet50.png,adv_225_IMAGENET_3599_resnet50.png,787,577,787,577,True,True,True
226,ori_226_IMAGENET_3599_resnet50.png,adv_226_IMAGENET_3599_resnet50.png,488,695,488,695,True,True,True
227,ori_227_IMAGENET_3599_resnet50.png,adv_227_IMAGENET_3599_resnet50.png,590,418,590,418,True,True,True
228,ori_228_IMAGENET_3599_resnet50.png,adv_228_IMAGENET_3599_resnet50.png,652,643,652,652,True,False,False
229,ori_229_IMAGENET_3599_resnet50.png,adv_229_IMAGENET_3599_resnet50.png,628,536,628,628,True,False,False
230,ori_230_IMAGENET_3599_resnet50.png,adv_230_IMAGENET_3599_resnet50.png,761,684,761,761,True,False,False
231,ori_231_IMAGENET_3599_resnet50.png,adv_231_IMAGENET_3599_resnet50.png,471,847,471,847,True,True,True
232,ori_232_IMAGENET_3599_resnet50.png,adv_232_IMAGENET_3599_resnet50.png,707,704,707,707,True,False,False
233,ori_233_IMAGENET_3599_resnet50.png,adv_233_IMAGENET_3599_resnet50.png,490,461,490,490,True,False,False
234,ori_234_IMAGENET_3599_resnet50.png,adv_234_IMAGENET_3599_resnet50.png,724,780,724,780,True,True,True
235,ori_235_IMAGENET_3599_resnet50.png,adv_235_IMAGENET_3599_resnet50.png,724,645,724,724,True,False,False
236,ori_236_IMAGENET_3599_resnet50.png,adv_236_IMAGENET_3599_resnet50.png,633,455,633,633,True,False,False
237,ori_237_IMAGENET_3599_resnet50.png,adv_237_IMAGENET_3599_resnet50.png,895,744,895,895,True,False,False
238,ori_238_IMAGENET_3599_resnet50.png,adv_238_IMAGENET_3599_resnet50.png,596,131,596,131,True,True,True
239,ori_239_IMAGENET_3599_resnet50.png,adv_239_IMAGENET_3599_resnet50.png,862,424,862,862,True,False,False
240,ori_240_IMAGENET_3599_resnet50.png,adv_240_IMAGENET_3599_resnet50.png,718,821,718,821,True,True,True
241,ori_241_IMAGENET_3599_resnet50.png,adv_241_IMAGENET_3599_resnet50.png,862,115,862,115,True,True,True
242,ori_242_IMAGENET_3599_resnet50.png,adv_242_IMAGENET_3599_resnet50.png,587,783,587,783,True,True,True
243,ori_243_IMAGENET_3599_resnet50.png,adv_243_IMAGENET_3599_resnet50.png,626,692,626,692,True,True,True
244,ori_244_IMAGENET_3599_resnet50.png,adv_244_IMAGENET_3599_resnet50.png,646,723,646,646,True,False,False
245,ori_245_IMAGENET_3599_resnet50.png,adv_245_IMAGENET_3599_resnet50.png,755,793,755,755,True,False,False
246,ori_246_IMAGENET_3599_resnet50.png,adv_246_IMAGENET_3599_resnet50.png,763,477,763,763,True,False,False
247,ori_247_IMAGENET_3599_resnet50.png,adv_247_IMAGENET_3599_resnet50.png,650,613,650,613,True,True,True
248,ori_248_IMAGENET_3599_resnet50.png,adv_248_IMAGENET_3599_resnet50.png,487,761,487,487,True,False,False
249,ori_249_IMAGENET_3599_resnet50.png,adv_249_IMAGENET_3599_resnet50.png,447,773,447,447,True,False,False
250,ori_250_IMAGENET_3599_resnet50.png,adv_250_IMAGENET_3599_resnet50.png,830,879,830,879,True,True,True
251,ori_251_IMAGENET_3599_resnet50.png,adv_251_IMAGENET_3599_resnet50.png,754,492,754,754,True,False,False
252,ori_252_IMAGENET_3599_resnet50.png,adv_252_IMAGENET_3599_resnet50.png,581,971,581,971,True,True,True
253,ori_253_IMAGENET_3599_resnet50.png,adv_253_IMAGENET_3599_resnet50.png,888,898,888,888,True,False,False
254,ori_254_IMAGENET_3599_resnet50.png,adv_254_IMAGENET_3599_resnet50.png,834,906,834,906,True,True,True
255,ori_255_IMAGENET_3599_resnet50.png,adv_255_IMAGENET_3599_resnet50.png,820,645,820,645,True,True,True
256,ori_256_IMAGENET_3599_resnet50.png,adv_256_IMAGENET_3599_resnet50.png,821,562,821,821,True,False,False
257,ori_257_IMAGENET_3599_resnet50.png,adv_257_IMAGENET_3599_resnet50.png,536,454,536,454,True,True,True
258,ori_258_IMAGENET_3599_resnet50.png,adv_258_IMAGENET_3599_resnet50.png,744,595,744,744,True,False,False
259,ori_259_IMAGENET_3599_resnet50.png,adv_259_IMAGENET_3599_resnet50.png,820,800,820,800,True,True,True
260,ori_260_IMAGENET_3599_resnet50.png,adv_260_IMAGENET_3599_resnet50.png,650,600,650,650,True,False,False
261,ori_261_IMAGENET_3599_resnet50.png,adv_261_IMAGENET_3599_resnet50.png,880,652,880,652,True,True,True
262,ori_262_IMAGENET_3599_resnet50.png,adv_262_IMAGENET_3599_resnet50.png,983,801,983,801,True,True,True
263,ori_263_IMAGENET_3599_resnet50.png,adv_263_IMAGENET_3599_resnet50.png,417,507,417,417,True,False,False
264,ori_264_IMAGENET_3599_resnet50.png,adv_264_IMAGENET_3599_resnet50.png,666,808,666,808,True,True,True
265,ori_265_IMAGENET_3599_resnet50.png,adv_265_IMAGENET_3599_resnet50.png,530,531,530,531,True,True,True
266,ori_266_IMAGENET_3599_resnet50.png,adv_266_IMAGENET_3599_resnet50.png,745,920,745,745,True,False,False
267,ori_267_IMAGENET_3599_resnet50.png,adv_267_IMAGENET_3599_resnet50.png,628,978,628,978,True,True,True
268,ori_268_IMAGENET_3599_resnet50.png,adv_268_IMAGENET_3599_resnet50.png,405,701,405,405,True,False,False
269,ori_269_IMAGENET_3599_resnet50.png,adv_269_IMAGENET_3599_resnet50.png,403,628,403,628,True,True,True
270,ori_270_IMAGENET_3599_resnet50.png,adv_270_IMAGENET_3599_resnet50.png,823,830,823,823,True,False,False
271,ori_271_IMAGENET_3599_resnet50.png,adv_271_IMAGENET_3599_resnet50.png,413,764,413,413,True,False,False
272,ori_272_IMAGENET_3599_resnet50.png,adv_272_IMAGENET_3599_resnet50.png,405,417,405,417,True,True,True
273,ori_273_IMAGENET_3599_resnet50.png,adv_273_IMAGENET_3599_resnet50.png,801,97,801,97,True,True,True
274,ori_274_IMAGENET_3599_resnet50.png,adv_274_IMAGENET_3599_resnet50.png,872,862,872,862,True,True,True
275,ori_275_IMAGENET_3599_resnet50.png,adv_275_IMAGENET_3599_resnet50.png,530,920,530,530,True,False,False
276,ori_276_IMAGENET_3599_resnet50.png,adv_276_IMAGENET_3599_resnet50.png,518,671,518,671,True,True,True
277,ori_277_IMAGENET_3599_resnet50.png,adv_277_IMAGENET_3599_resnet50.png,764,872,764,872,True,True,True
278,ori_278_IMAGENET_3599_resnet50.png,adv_278_IMAGENET_3599_resnet50.png,465,411,465,465,True,False,False
279,ori_279_IMAGENET_3599_resnet50.png,adv_279_IMAGENET_3599_resnet50.png,535,577,535,577,True,True,True
280,ori_280_IMAGENET_3599_resnet50.png,adv_280_IMAGENET_3599_resnet50.png,672,879,672,879,True,True,True
281,ori_281_IMAGENET_3599_resnet50.png,adv_281_IMAGENET_3599_resnet50.png,755,517,755,517,True,True,True
282,ori_282_IMAGENET_3599_resnet50.png,adv_282_IMAGENET_3599_resnet50.png,771,478,771,478,True,True,True
283,ori_283_IMAGENET_3599_resnet50.png,adv_283_IMAGENET_3599_resnet50.png,657,845,657,657,True,False,False
284,ori_284_IMAGENET_3599_resnet50.png,adv_284_IMAGENET_3599_resnet50.png,417,701,417,417,True,False,False
285,ori_285_IMAGENET_3599_resnet50.png,adv_285_IMAGENET_3599_resnet50.png,609,864,609,609,True,False,False
286,ori_286_IMAGENET_3599_resnet50.png,adv_286_IMAGENET_3599_resnet50.png,404,405,404,404,True,False,False
287,ori_287_IMAGENET_3599_resnet50.png,adv_287_IMAGENET_3599_resnet50.png,538,646,538,646,True,True,True
288,ori_288_IMAGENET_3599_resnet50.png,adv_288_IMAGENET_3599_resnet50.png,734,468,734,468,True,True,True
289,ori_289_IMAGENET_3599_resnet50.png,adv_289_IMAGENET_3599_resnet50.png,635,759,635,759,True,True,True
290,ori_290_IMAGENET_3599_resnet50.png,adv_290_IMAGENET_3599_resnet50.png,826,971,826,826,True,False,False
291,ori_291_IMAGENET_3599_resnet50.png,adv_291_IMAGENET_3599_resnet50.png,755,807,755,755,True,False,False
292,ori_292_IMAGENET_3599_resnet50.png,adv_292_IMAGENET_3599_resnet50.png,732,844,732,844,True,True,True
293,ori_293_IMAGENET_3599_resnet50.png,adv_293_IMAGENET_3599_resnet50.png,543,535,543,543,True,False,False
294,ori_294_IMAGENET_3599_resnet50.png,adv_294_IMAGENET_3599_resnet50.png,867,569,867,867,True,False,False
295,ori_295_IMAGENET_3599_resnet50.png,adv_295_IMAGENET_3599_resnet50.png,408,625,408,625,True,True,True
296,ori_296_IMAGENET_3599_resnet50.png,adv_296_IMAGENET_3599_resnet50.png,633,971,633,633,True,False,False
297,ori_297_IMAGENET_3599_resnet50.png,adv_297_IMAGENET_3599_resnet50.png,797,750,797,797,True,False,False
298,ori_298_IMAGENET_3599_resnet50.png,adv_298_IMAGENET_3599_resnet50.png,596,735,596,596,True,False,False
299,ori_299_IMAGENET_3599_resnet50.png,adv_299_IMAGENET_3599_resnet50.png,526,664,526,664,True,True,True
300,ori_300_IMAGENET_3599_resnet50.png,adv_300_IMAGENET_3599_resnet50.png,403,812,403,812,True,True,True
301,ori_301_IMAGENET_3599_resnet50.png,adv_301_IMAGENET_3599_resnet50.png,763,800,763,763,True,False,False
302,ori_302_IMAGENET_3599_resnet50.png,adv_302_IMAGENET_3599_resnet50.png,487,790,487,790,True,True,True
303,ori_303_IMAGENET_3599_resnet50.png,adv_303_IMAGENET_3599_resnet50.png,734,751,734,734,True,False,False
304,ori_304_IMAGENET_3599_resnet50.png,adv_304_IMAGENET_3599_resnet50.png,461,524,461,524,True,True,True
305,ori_305_IMAGENET_3599_resnet50.png,adv_305_IMAGENET_3599_resnet50.png,408,814,408,408,True,False,False
306,ori_306_IMAGENET_3599_resnet50.png,adv_306_IMAGENET_3599_resnet50.png,916,611,916,916,True,False,False
307,ori_307_IMAGENET_3599_resnet50.png,adv_307_IMAGENET_3599_resnet50.png,518,710,518,710,True,True,True
308,ori_308_IMAGENET_3599_resnet50.png,adv_308_IMAGENET_3599_resnet50.png,833,613,833,833,True,False,False
309,ori_309_IMAGENET_3599_resnet50.png,adv_309_IMAGENET_3599_resnet50.png,408,569,408,408,True,False,False
310,ori_310_IMAGENET_3599_resnet50.png,adv_310_IMAGENET_3599_resnet50.png,734,654,734,654,True,True,True
311,ori_311_IMAGENET_3599_resnet50.png,adv_311_IMAGENET_3599_resnet50.png,890,880,890,890,True,False,False
312,ori_312_IMAGENET_3599_resnet50.png,adv_312_IMAGENET_3599_resnet50.png,787,524,787,524,True,True,True
313,ori_313_IMAGENET_3599_resnet50.png,adv_313_IMAGENET_3599_resnet50.png,468,734,468,734,True,True,True
314,ori_314_IMAGENET_3599_resnet50.png,adv_314_IMAGENET_3599_resnet50.png,926,544,926,544,True,True,True
315,ori_315_IMAGENET_3599_resnet50.png,adv_315_IMAGENET_3599_resnet50.png,586,847,586,847,True,True,True
316,ori_316_IMAGENET_3599_resnet50.png,adv_316_IMAGENET_3599_resnet50.png,847,586,847,586,True,True,True
317,ori_317_IMAGENET_3599_resnet50.png,adv_317_IMAGENET_3599_resnet50.png,646,0,646,644,True,False,True
318,ori_318_IMAGENET_3599_resnet50.png,adv_318_IMAGENET_3599_resnet50.png,826,635,826,826,True,False,False
319,ori_319_IMAGENET_3599_resnet50.png,adv_319_IMAGENET_3599_resnet50.png,740,440,740,740,True,False,False
320,ori_320_IMAGENET_3599_resnet50.png,adv_320_IMAGENET_3599_resnet50.png,758,971,758,971,True,True,True
321,ori_321_IMAGENET_3599_resnet50.png,adv_321_IMAGENET_3599_resnet50.png,609,734,609,609,True,False,False
322,ori_322_IMAGENET_3599_resnet50.png,adv_322_IMAGENET_3599_resnet50.png,471,690,471,471,True,False,False
323,ori_323_IMAGENET_3599_resnet50.png,adv_323_IMAGENET_3599_resnet50.png,797,750,797,750,True,True,True
324,ori_324_IMAGENET_3599_resnet50.png,adv_324_IMAGENET_3599_resnet50.png,688,754,688,754,True,True,True
325,ori_325_IMAGENET_3599_resnet50.png,adv_325_IMAGENET_3599_resnet50.png,635,455,635,635,True,False,False
326,ori_326_IMAGENET_3599_resnet50.png,adv_326_IMAGENET_3599_resnet50.png,704,409,704,409,True,True,True
327,ori_327_IMAGENET_3599_resnet50.png,adv_327_IMAGENET_3599_resnet50.png,613,740,613,740,True,True,True
328,ori_328_IMAGENET_3599_resnet50.png,adv_328_IMAGENET_3599_resnet50.png,833,628,833,833,True,False,False
329,ori_329_IMAGENET_3599_resnet50.png,adv_329_IMAGENET_3599_resnet50.png,833,576,833,576,True,True,True
330,ori_330_IMAGENET_3599_resnet50.png,adv_330_IMAGENET_3599_resnet50.png,535,421,535,421,True,True,True
331,ori_331_IMAGENET_3599_resnet50.png,adv_331_IMAGENET_3599_resnet50.png,521,412,521,412,True,True,True
332,ori_332_IMAGENET_3599_resnet50.png,adv_332_IMAGENET_3599_resnet50.png,787,645,787,645,True,True,True
333,ori_333_IMAGENET_3599_resnet50.png,adv_333_IMAGENET_3599_resnet50.png,657,812,657,657,True,False,False
334,ori_334_IMAGENET_3599_resnet50.png,adv_334_IMAGENET_3599_resnet50.png,608,576,608,576,True,True,True
335,ori_335_IMAGENET_3599_resnet50.png,adv_335_IMAGENET_3599_resnet50.png,652,667,652,652,True,False,False
336,ori_336_IMAGENET_3599_resnet50.png,adv_336_IMAGENET_3599_resnet50.png,581,971,581,581,True,False,False
337,ori_337_IMAGENET_3599_resnet50.png,adv_337_IMAGENET_3599_resnet50.png,701,879,701,879,True,True,True
338,ori_338_IMAGENET_3599_resnet50.png,adv_338_IMAGENET_3599_resnet50.png,664,782,664,782,True,True,True
339,ori_339_IMAGENET_3599_resnet50.png,adv_339_IMAGENET_3599_resnet50.png,447,703,447,447,True,False,False
340,ori_340_IMAGENET_3599_resnet50.png,adv_340_IMAGENET_3599_resnet50.png,417,701,417,701,True,True,True
341,ori_341_IMAGENET_3599_resnet50.png,adv_341_IMAGENET_3599_resnet50.png,695,494,695,695,True,False,False
342,ori_342_IMAGENET_3599_resnet50.png,adv_342_IMAGENET_3599_resnet50.png,460,970,460,970,True,True,True
343,ori_343_IMAGENET_3599_resnet50.png,adv_343_IMAGENET_3599_resnet50.png,695,583,695,583,True,True,True
344,ori_344_IMAGENET_3599_resnet50.png,adv_344_IMAGENET_3599_resnet50.png,596,284,596,596,True,False,False
345,ori_345_IMAGENET_3599_resnet50.png,adv_345_IMAGENET_3599_resnet50.png,835,893,835,835,True,False,False
346,ori_346_IMAGENET_3599_resnet50.png,adv_346_IMAGENET_3599_resnet50.png,758,456,758,456,True,True,True
347,ori_347_IMAGENET_3599_resnet50.png,adv_347_IMAGENET_3599_resnet50.png,895,733,895,895,True,False,False
348,ori_348_IMAGENET_3599_resnet50.png,adv_348_IMAGENET_3599_resnet50.png,688,800,688,688,True,False,False
349,ori_349_IMAGENET_3599_resnet50.png,adv_349_IMAGENET_3599_resnet50.png,581,971,581,581,True,False,False
350,ori_350_IMAGENET_3599_resnet50.png,adv_350_IMAGENET_3599_resnet50.png,734,436,734,436,True,True,True
351,ori_351_IMAGENET_3599_resnet50.png,adv_351_IMAGENET_3599_resnet50.png,507,487,507,507,True,False,False
352,ori_352_IMAGENET_3599_resnet50.png,adv_352_IMAGENET_3599_resnet50.png,821,971,821,821,True,False,False
353,ori_353_IMAGENET_3599_resnet50.png,adv_353_IMAGENET_3599_resnet50.png,895,723,895,723,True,True,True
354,ori_354_IMAGENET_3599_resnet50.png,adv_354_IMAGENET_3599_resnet50.png,812,895,812,895,True,True,True
355,ori_355_IMAGENET_3599_resnet50.png,adv_355_IMAGENET_3599_resnet50.png,626,464,626,626,True,False,False
356,ori_356_IMAGENET_3599_resnet50.png,adv_356_IMAGENET_3599_resnet50.png,688,782,688,688,True,False,False
357,ori_357_IMAGENET_3599_resnet50.png,adv_357_IMAGENET_3599_resnet50.png,652,715,652,652,True,False,False
358,ori_358_IMAGENET_3599_resnet50.png,adv_358_IMAGENET_3599_resnet50.png,787,892,787,787,True,False,False
359,ori_359_IMAGENET_3599_resnet50.png,adv_359_IMAGENET_3599_resnet50.png,570,971,570,971,True,True,True
360,ori_360_IMAGENET_3599_resnet50.png,adv_360_IMAGENET_3599_resnet50.png,826,485,826,485,True,True,True
361,ori_361_IMAGENET_3599_resnet50.png,adv_361_IMAGENET_3599_resnet50.png,871,536,871,536,True,True,True
362,ori_362_IMAGENET_3599_resnet50.png,adv_362_IMAGENET_3599_resnet50.png,672,701,672,701,True,True,True
363,ori_363_IMAGENET_3599_resnet50.png,adv_363_IMAGENET_3599_resnet50.png,812,895,812,812,True,False,False
364,ori_364_IMAGENET_3599_resnet50.png,adv_364_IMAGENET_3599_resnet50.png,487,761,487,487,True,False,False
365,ori_365_IMAGENET_3599_resnet50.png,adv_365_IMAGENET_3599_resnet50.png,867,569,867,675,True,False,True
366,ori_366_IMAGENET_3599_resnet50.png,adv_366_IMAGENET_3599_resnet50.png,646,506,646,506,True,True,True
367,ori_367_IMAGENET_3599_resnet50.png,adv_367_IMAGENET_3599_resnet50.png,536,576,536,576,True,True,True
368,ori_368_IMAGENET_3599_resnet50.png,adv_368_IMAGENET_3599_resnet50.png,535,444,535,535,True,False,False
369,ori_369_IMAGENET_3599_resnet50.png,adv_369_IMAGENET_3599_resnet50.png,497,425,497,497,True,False,False
370,ori_370_IMAGENET_3599_resnet50.png,adv_370_IMAGENET_3599_resnet50.png,812,971,812,971,True,True,True
371,ori_371_IMAGENET_3599_resnet50.png,adv_371_IMAGENET_3599_resnet50.png,590,508,590,508,True,True,True
372,ori_372_IMAGENET_3599_resnet50.png,adv_372_IMAGENET_3599_resnet50.png,471,690,471,690,True,True,True
373,ori_373_IMAGENET_3599_resnet50.png,adv_373_IMAGENET_3599_resnet50.png,801,6,801,801,True,False,False
374,ori_374_IMAGENET_3599_resnet50.png,adv_374_IMAGENET_3599_resnet50.png,715,652,715,715,True,False,False
375,ori_375_IMAGENET_3599_resnet50.png,adv_375_IMAGENET_3599_resnet50.png,762,498,762,762,True,False,False
376,ori_376_IMAGENET_3599_resnet50.png,adv_376_IMAGENET_3599_resnet50.png,821,971,821,971,True,True,True
377,ori_377_IMAGENET_3599_resnet50.png,adv_377_IMAGENET_3599_resnet50.png,826,800,826,800,True,True,True
378,ori_378_IMAGENET_3599_resnet50.png,adv_378_IMAGENET_3599_resnet50.png,609,436,609,436,True,True,True
379,ori_379_IMAGENET_3599_resnet50.png,adv_379_IMAGENET_3599_resnet50.png,734,654,734,734,True,False,False
380,ori_380_IMAGENET_3599_resnet50.png,adv_380_IMAGENET_3599_resnet50.png,701,417,701,417,True,True,True
381,ori_381_IMAGENET_3599_resnet50.png,adv_381_IMAGENET_3599_resnet50.png,636,414,636,414,True,True,True
382,ori_382_IMAGENET_3599_resnet50.png,adv_382_IMAGENET_3599_resnet50.png,771,740,771,771,True,False,False
383,ori_383_IMAGENET_3599_resnet50.png,adv_383_IMAGENET_3599_resnet50.png,691,796,691,796,True,True,True
384,ori_384_IMAGENET_3599_resnet50.png,adv_384_IMAGENET_3599_resnet50.png,682,497,682,497,True,True,True
385,ori_385_IMAGENET_3599_resnet50.png,adv_385_IMAGENET_3599_resnet50.png,812,536,812,812,True,False,False
386,ori_386_IMAGENET_3599_resnet50.png,adv_386_IMAGENET_3599_resnet50.png,590,800,590,800,True,True,True
387,ori_387_IMAGENET_3599_resnet50.png,adv_387_IMAGENET_3599_resnet50.png,507,971,507,507,True,False,False
388,ori_388_IMAGENET_3599_resnet50.png,adv_388_IMAGENET_3599_resnet50.png,691,570,691,691,True,False,False
389,ori_389_IMAGENET_3599_resnet50.png,adv_389_IMAGENET_3599_resnet50.png,740,570,740,570,True,True,True
390,ori_390_IMAGENET_3599_resnet50.png,adv_390_IMAGENET_3599_resnet50.png,540,832,540,832,True,True,True
391,ori_391_IMAGENET_3599_resnet50.png,adv_391_IMAGENET_3599_resnet50.png,408,586,408,586,True,True,True
392,ori_392_IMAGENET_3599_resnet50.png,adv_392_IMAGENET_3599_resnet50.png,510,540,510,540,True,True,True
393,ori_393_IMAGENET_3599_resnet50.png,adv_393_IMAGENET_3599_resnet50.png,797,452,797,452,True,True,True
394,ori_394_IMAGENET_3599_resnet50.png,adv_394_IMAGENET_3599_resnet50.png,465,414,465,465,True,False,False
395,ori_395_IMAGENET_3599_resnet50.png,adv_395_IMAGENET_3599_resnet50.png,626,990,626,990,True,True,True
396,ori_396_IMAGENET_3599_resnet50.png,adv_396_IMAGENET_3599_resnet50.png,801,758,801,801,True,False,False
397,ori_397_IMAGENET_3599_resnet50.png,adv_397_IMAGENET_3599_resnet50.png,841,447,841,447,True,True,True
398,ori_398_IMAGENET_3599_resnet50.png,adv_398_IMAGENET_3599_resnet50.png,862,1,862,1,True,True,True
399,ori_399_IMAGENET_3599_resnet50.png,adv_399_IMAGENET_3599_resnet50.png,812,568,812,812,True,False,False
400,ori_400_IMAGENET_3599_resnet50.png,adv_400_IMAGENET_3599_resnet50.png,843,772,843,843,True,False,False
401,ori_401_IMAGENET_3599_resnet50.png,adv_401_IMAGENET_3599_resnet50.png,596,839,596,596,True,False,False
402,ori_402_IMAGENET_3599_resnet50.png,adv_402_IMAGENET_3599_resnet50.png,570,801,570,570,True,False,False
403,ori_403_IMAGENET_3599_resnet50.png,adv_403_IMAGENET_3599_resnet50.png,691,570,691,691,True,False,False
404,ori_404_IMAGENET_3599_resnet50.png,adv_404_IMAGENET_3599_resnet50.png,847,586,847,586,True,True,True
405,ori_405_IMAGENET_3599_resnet50.png,adv_405_IMAGENET_3599_resnet50.png,646,723,646,646,True,False,False
406,ori_406_IMAGENET_3599_resnet50.png,adv_406_IMAGENET_3599_resnet50.png,691,464,691,464,True,True,True
407,ori_407_IMAGENET_3599_resnet50.png,adv_407_IMAGENET_3599_resnet50.png,755,807,755,755,True,False,False
408,ori_408_IMAGENET_3599_resnet50.png,adv_408_IMAGENET_3599_resnet50.png,646,412,646,412,True,True,True
409,ori_409_IMAGENET_3599_resnet50.png,adv_409_IMAGENET_3599_resnet50.png,424,456,424,424,True,False,False
410,ori_410_IMAGENET_3599_resnet50.png,adv_410_IMAGENET_3599_resnet50.png,745,859,745,859,True,True,True
411,ori_411_IMAGENET_3599_resnet50.png,adv_411_IMAGENET_3599_resnet50.png,570,801,570,801,True,True,True
412,ori_412_IMAGENET_3599_resnet50.png,adv_412_IMAGENET_3599_resnet50.png,787,892,787,787,True,False,False
413,ori_413_IMAGENET_3599_resnet50.png,adv_413_IMAGENET_3599_resnet50.png,826,784,826,784,True,True,True
414,ori_414_IMAGENET_3599_resnet50.png,adv_414_IMAGENET_3599_resnet50.png,610,917,610,917,True,True,True
415,ori_415_IMAGENET_3599_resnet50.png,adv_415_IMAGENET_3599_resnet50.png,635,826,635,635,True,False,False
416,ori_416_IMAGENET_3599_resnet50.png,adv_416_IMAGENET_3599_resnet50.png,487,898,487,487,True,False,False
417,ori_417_IMAGENET_3599_resnet50.png,adv_417_IMAGENET_3599_resnet50.png,521,849,521,521,True,False,False
418,ori_418_IMAGENET_3599_resnet50.png,adv_418_IMAGENET_3599_resnet50.png,626,441,626,626,True,False,False
419,ori_419_IMAGENET_3599_resnet50.png,adv_419_IMAGENET_3599_resnet50.png,417,714,417,417,True,False,False
420,ori_420_IMAGENET_3599_resnet50.png,adv_420_IMAGENET_3599_resnet50.png,510,569,510,510,True,False,False
421,ori_421_IMAGENET_3599_resnet50.png,adv_421_IMAGENET_3599_resnet50.png,540,833,540,540,True,False,False
422,ori_422_IMAGENET_3599_resnet50.png,adv_422_IMAGENET_3599_resnet50.png,532,559,532,532,True,False,False
423,ori_423_IMAGENET_3599_resnet50.png,adv_423_IMAGENET_3599_resnet50.png,817,581,817,817,True,False,False
424,ori_424_IMAGENET_3599_resnet50.png,adv_424_IMAGENET_3599_resnet50.png,512,626,512,512,True,False,False
425,ori_425_IMAGENET_3599_resnet50.png,adv_425_IMAGENET_3599_resnet50.png,812,744,812,812,True,False,False
426,ori_426_IMAGENET_3599_resnet50.png,adv_426_IMAGENET_3599_resnet50.png,428,830,428,428,True,False,False
427,ori_427_IMAGENET_3599_resnet50.png,adv_427_IMAGENET_3599_resnet50.png,801,971,801,971,True,True,True
428,ori_428_IMAGENET_3599_resnet50.png,adv_428_IMAGENET_3599_resnet50.png,774,464,774,464,True,True,True
429,ori_429_IMAGENET_3599_resnet50.png,adv_429_IMAGENET_3599_resnet50.png,412,797,412,412,True,False,False
430,ori_430_IMAGENET_3599_resnet50.png,adv_430_IMAGENET_3599_resnet50.png,507,506,507,507,True,False,False
431,ori_431_IMAGENET_3599_resnet50.png,adv_431_IMAGENET_3599_resnet50.png,510,476,510,510,True,False,False
432,ori_432_IMAGENET_3599_resnet50.png,adv_432_IMAGENET_3599_resnet50.png,459,469,459,469,True,True,True
433,ori_433_IMAGENET_3599_resnet50.png,adv_433_IMAGENET_3599_resnet50.png,847,586,847,847,True,False,False
434,ori_434_IMAGENET_3599_resnet50.png,adv_434_IMAGENET_3599_resnet50.png,724,554,724,724,True,False,False
435,ori_435_IMAGENET_3599_resnet50.png,adv_435_IMAGENET_3599_resnet50.png,540,406,540,406,True,True,True
436,ori_436_IMAGENET_3599_resnet50.png,adv_436_IMAGENET_3599_resnet50.png,417,701,417,417,True,False,False
437,ori_437_IMAGENET_3599_resnet50.png,adv_437_IMAGENET_3599_resnet50.png,550,681,550,681,True,True,True
438,ori_438_IMAGENET_3599_resnet50.png,adv_438_IMAGENET_3599_resnet50.png,821,839,821,821,True,False,False
439,ori_439_IMAGENET_3599_resnet50.png,adv_439_IMAGENET_3599_resnet50.png,771,664,771,771,True,False,False
440,ori_440_IMAGENET_3599_resnet50.png,adv_440_IMAGENET_3599_resnet50.png,628,510,628,628,True,False,False
441,ori_441_IMAGENET_3599_resnet50.png,adv_441_IMAGENET_3599_resnet50.png,650,872,650,872,True,True,True
442,ori_442_IMAGENET_3599_resnet50.png,adv_442_IMAGENET_3599_resnet50.png,771,592,771,771,True,False,False
443,ori_443_IMAGENET_3599_resnet50.png,adv_443_IMAGENET_3599_resnet50.png,600,699,600,600,True,False,False
444,ori_444_IMAGENET_3599_resnet50.png,adv_444_IMAGENET_3599_resnet50.png,609,436,609,436,True,True,True
445,ori_445_IMAGENET_3599_resnet50.png,adv_445_IMAGENET_3599_resnet50.png,787,518,787,787,True,False,False
446,ori_446_IMAGENET_3599_resnet50.png,adv_446_IMAGENET_3599_resnet50.png,820,856,820,820,True,False,False
447,ori_447_IMAGENET_3599_resnet50.png,adv_447_IMAGENET_3599_resnet50.png,507,800,507,800,True,True,True
448,ori_448_IMAGENET_3599_resnet50.png,adv_448_IMAGENET_3599_resnet50.png,605,692,605,692,True,True,True
449,ori_449_IMAGENET_3599_resnet50.png,adv_449_IMAGENET_3599_resnet50.png,780,645,780,780,True,False,False
450,ori_450_IMAGENET_3599_resnet50.png,adv_450_IMAGENET_3599_resnet50.png,633,635,633,635,True,True,True
451,ori_451_IMAGENET_3599_resnet50.png,adv_451_IMAGENET_3599_resnet50.png,570,643,570,570,True,False,False
452,ori_452_IMAGENET_3599_resnet50.png,adv_452_IMAGENET_3599_resnet50.png,487,662,487,662,True,True,True
453,ori_453_IMAGENET_3599_resnet50.png,adv_453_IMAGENET_3599_resnet50.png,414,861,414,861,True,True,True
454,ori_454_IMAGENET_3599_resnet50.png,adv_454_IMAGENET_3599_resnet50.png,724,645,724,724,True,False,False
455,ori_455_IMAGENET_3599_resnet50.png,adv_455_IMAGENET_3599_resnet50.png,426,635,426,635,True,True,True
456,ori_456_IMAGENET_3599_resnet50.png,adv_456_IMAGENET_3599_resnet50.png,618,428,618,428,True,True,True
457,ori_457_IMAGENET_3599_resnet50.png,adv_457_IMAGENET_3599_resnet50.png,902,456,902,902,True,False,False
458,ori_458_IMAGENET_3599_resnet50.png,adv_458_IMAGENET_3599_resnet50.png,666,738,666,666,True,False,False
459,ori_459_IMAGENET_3599_resnet50.png,adv_459_IMAGENET_3599_resnet50.png,536,510,536,536,True,False,False
460,ori_460_IMAGENET_3599_resnet50.png,adv_460_IMAGENET_3599_resnet50.png,672,588,672,672,True,False,False
461,ori_461_IMAGENET_3599_resnet50.png,adv_461_IMAGENET_3599_resnet50.png,830,788,830,788,True,True,True
462,ori_462_IMAGENET_3599_resnet50.png,adv_462_IMAGENET_3599_resnet50.png,521,0,521,644,True,False,True
463,ori_463_IMAGENET_3599_resnet50.png,adv_463_IMAGENET_3599_resnet50.png,724,645,724,724,True,False,False
464,ori_464_IMAGENET_3599_resnet50.png,adv_464_IMAGENET_3599_resnet50.png,414,636,414,414,True,False,False
465,ori_465_IMAGENET_3599_resnet50.png,adv_465_IMAGENET_3599_resnet50.png,764,763,764,763,True,True,True
466,ori_466_IMAGENET_3599_resnet50.png,adv_466_IMAGENET_3599_resnet50.png,666,463,666,666,True,False,False
467,ori_467_IMAGENET_3599_resnet50.png,adv_467_IMAGENET_3599_resnet50.png,847,569,847,847,True,False,False
468,ori_468_IMAGENET_3599_resnet50.png,adv_468_IMAGENET_3599_resnet50.png,646,912,646,646,True,False,False
469,ori_469_IMAGENET_3599_resnet50.png,adv_469_IMAGENET_3599_resnet50.png,518,710,518,710,True,True,True
470,ori_470_IMAGENET_3599_resnet50.png,adv_470_IMAGENET_3599_resnet50.png,797,672,797,797,True,False,False
471,ori_471_IMAGENET_3599_resnet50.png,adv_471_IMAGENET_3599_resnet50.png,787,514,787,514,True,True,True
472,ori_472_IMAGENET_3599_resnet50.png,adv_472_IMAGENET_3599_resnet50.png,597,893,597,893,True,True,True
473,ori_473_IMAGENET_3599_resnet50.png,adv_473_IMAGENET_3599_resnet50.png,652,971,652,652,True,False,False
474,ori_474_IMAGENET_3599_resnet50.png,adv_474_IMAGENET_3599_resnet50.png,471,730,471,471,True,False,False
475,ori_475_IMAGENET_3599_resnet50.png,adv_475_IMAGENET_3599_resnet50.png,732,800,732,732,True,False,False
476,ori_476_IMAGENET_3599_resnet50.png,adv_476_IMAGENET_3599_resnet50.png,617,424,617,424,True,True,True
477,ori_477_IMAGENET_3599_resnet50.png,adv_477_IMAGENET_3599_resnet50.png,732,759,732,732,True,False,False
478,ori_478_IMAGENET_3599_resnet50.png,adv_478_IMAGENET_3599_resnet50.png,595,609,595,609,True,True,True
479,ori_479_IMAGENET_3599_resnet50.png,adv_479_IMAGENET_3599_resnet50.png,557,449,557,449,True,True,True
480,ori_480_IMAGENET_3599_resnet50.png,adv_480_IMAGENET_3599_resnet50.png,645,723,645,723,True,True,True
481,ori_481_IMAGENET_3599_resnet50.png,adv_481_IMAGENET_3599_resnet50.png,531,893,531,893,True,True,True
482,ori_482_IMAGENET_3599_resnet50.png,adv_482_IMAGENET_3599_resnet50.png,701,723,701,723,True,True,True
483,ori_483_IMAGENET_3599_resnet50.png,adv_483_IMAGENET_3599_resnet50.png,489,940,489,489,True,False,False
484,ori_484_IMAGENET_3599_resnet50.png,adv_484_IMAGENET_3599_resnet50.png,666,960,666,960,True,True,True
485,ori_485_IMAGENET_3599_resnet50.png,adv_485_IMAGENET_3599_resnet50.png,833,460,833,833,True,False,False
486,ori_486_IMAGENET_3599_resnet50.png,adv_486_IMAGENET_3599_resnet50.png,826,746,826,746,True,True,True
487,ori_487_IMAGENET_3599_resnet50.png,adv_487_IMAGENET_3599_resnet50.png,403,847,403,847,True,True,True
488,ori_488_IMAGENET_3599_resnet50.png,adv_488_IMAGENET_3599_resnet50.png,755,998,755,755,True,False,False
489,ori_489_IMAGENET_3599_resnet50.png,adv_489_IMAGENET_3599_resnet50.png,461,524,461,524,True,True,True
490,ori_490_IMAGENET_3599_resnet50.png,adv_490_IMAGENET_3599_resnet50.png,443,591,443,443,True,False,False
491,ori_491_IMAGENET_3599_resnet50.png,adv_491_IMAGENET_3599_resnet50.png,597,613,597,597,True,False,False
492,ori_492_IMAGENET_3599_resnet50.png,adv_492_IMAGENET_3599_resnet50.png,724,645,724,724,True,False,False
493,ori_493_IMAGENET_3599_resnet50.png,adv_493_IMAGENET_3599_resnet50.png,603,367,603,367,True,True,True
494,ori_494_IMAGENET_3599_resnet50.png,adv_494_IMAGENET_3599_resnet50.png,593,558,593,558,True,True,True
495,ori_495_IMAGENET_3599_resnet50.png,adv_495_IMAGENET_3599_resnet50.png,835,741,835,835,True,False,False
496,ori_496_IMAGENET_3599_resnet50.png,adv_496_IMAGENET_3599_resnet50.png,734,654,734,654,True,True,True
497,ori_497_IMAGENET_3599_resnet50.png,adv_497_IMAGENET_3599_resnet50.png,744,657,744,744,True,False,False
498,ori_498_IMAGENET_3599_resnet50.png,adv_498_IMAGENET_3599_resnet50.png,558,566,558,566,True,True,True
499,ori_499_IMAGENET_3599_resnet50.png,adv_499_IMAGENET_3599_resnet50.png,718,517,718,718,True,False,False
